{
  "project_info": {
    "project_number": "1009345554747",
    "project_id": "ninjacodefest",
    "storage_bucket": "ninjacodefest.appspot.com"
  },
  "client": [
    {
      "client_info": {
        "mobilesdk_app_id": "1:1009345554747:android:89d6a638c13903b0ef6f1e",
        "android_client_info": {
          "package_name": "com.example.adminapp"
        }
      },
      "oauth_client": [
        {
          "client_id": "1009345554747-evrh5eph9npbsn5ho26cn0872auni79m.apps.googleusercontent.com",
          "client_type": 1,
          "android_info": {
            "package_name": "com.example.adminapp",
            "certificate_hash": "463602bae93dd6c4e182ef52ace0890cc264643f"
          }
        },
        {
          "client_id": "1009345554747-d0ns3et0p6n15b46s76ha9mhhsaqlb8u.apps.googleusercontent.com",
          "client_type": 3
        }
      ],
      "api_key": [
        {
          "current_key": "AIzaSyAyntCQ8DwCkJ_yWu7OxwOX8ZdqkP3H9nM"
        }
      ],
      "services": {
        "appinvite_service": {
          "other_platform_oauth_client": [
            {
              "client_id": "1009345554747-d0ns3et0p6n15b46s76ha9mhhsaqlb8u.apps.googleusercontent.com",
              "client_type": 3
            }
          ]
        }
      }
    },
    {
      "client_info": {
        "mobilesdk_app_id": "1:1009345554747:android:dfaacf89f409a43fef6f1e",
        "android_client_info": {
          "package_name": "com.example.ninjacodefest"
        }
      },
      "oauth_client": [
        {
          "client_id": "1009345554747-jtrtvdpk1ib7l934uhq1av0t1c9adc89.apps.googleusercontent.com",
          "client_type": 1,
          "android_info": {
            "package_name": "com.example.ninjacodefest",
            "certificate_hash": "463602bae93dd6c4e182ef52ace0890cc264643f"
          }
        },
        {
          "client_id": "1009345554747-d0ns3et0p6n15b46s76ha9mhhsaqlb8u.apps.googleusercontent.com",
          "client_type": 3
        }
      ],
      "api_key": [
        {
          "current_key": "AIzaSyAyntCQ8DwCkJ_yWu7OxwOX8ZdqkP3H9nM"
        }
      ],
      "services": {
        "appinvite_service": {
          "other_platform_oauth_client": [
            {
              "client_id": "1009345554747-d0ns3et0p6n15b46s76ha9mhhsaqlb8u.apps.googleusercontent.com",
              "client_type": 3
            }
          ]
        }
      }
    }
  ],
  "configuration_version": "1"
}